first_name,last_name,city,state,email,credit_card_number
Nathan,Willis,West Aprilfurt,Georgia,robertcollins@fleming.info,3543051500113395
Kevin,Oconnor,New Josephfurt,Oregon,ritahanson@smith-bryant.info,213177719986415
Robert,Davila,Palmerport,Indiana,bmartin@gmail.com,4814774440542130
Nicholas,Berger,East Tracy,Montana,howelltroy@nelson.com,345907433944501
Todd,Reed,Lake Dannyfort,California,rosekevin@hotmail.com,4265742015845737
Kristin,Miller,Campbellton,Kansas,brooksjennifer@campbell-webster.com,6520314631594259
Connie,Frazier,Jenniferfurt,Maine,daniel25@hotmail.com,180028312172375
James,Browning,Bergborough,Indiana,harrisallison@roy.biz,4388776171162
Dana,Mcconnell,South Ricky,West Virginia,njames@dougherty.com,30580868754313
Heather,Stevenson,West Jonathan,California,amychambers@hotmail.com,6011455109806075
Juan,Burns,South Joshuaberg,Indiana,thomas74@brewer-carpenter.com,3569920607571821
Matthew,Holloway,West Josephburgh,Louisiana,jennifer49@gmail.com,4595231856274
Matthew,Morris,Lake James,Missouri,rachaelwhite@simpson.org,6011378465927816
Jeffery,King,Christinechester,Illinois,natashawillis@gmail.com,502019712566
Christopher,Mitchell,Rodriguezview,Washington,myersmark@yahoo.com,3599082012788120
Jessica,Rogers,East Brian,Arkansas,gregory77@cunningham.com,4927112865788983
Robert,Kim,Joshuafurt,Massachusetts,bfernandez@lyons.org,3502489911435768
Michael,Jones,Lake Stacystad,Missouri,daniellelarson@yahoo.com,4043441770027
Cheryl,Baker,Mccannchester,Kansas,swest@stark.com,4233029040215063
Thomas,Johns,Chelseaton,New Mexico,hross@yahoo.com,30365813400703
Gene,Lee,South Kimberlyport,Rhode Island,avilajessica@gmail.com,5218246635523752
Christopher,Miller,Lake Sarahshire,Arizona,justin01@yahoo.com,4454569727646405
Jennifer,Richmond,Smithfurt,New Hampshire,lisa80@potts.org,30359384198887
Kevin,Rivers,Hernandezchester,Texas,twilson@yahoo.com,4407616360928438446
Haley,Prince,East Shannon,California,rwoods@collins-kramer.com,4741414565022819962
Natasha,Barnett,North Miguel,New York,matthewbrown@hotmail.com,4543343658154
Kaitlin,Marshall,Smithfort,New Mexico,alexanderjones@wilson-reyes.biz,30309867583485
Kyle,Mcclain,Kristifurt,Pennsylvania,nancy28@yahoo.com,676263457811
Thomas,Butler,Port Melissaburgh,New Mexico,mike36@yahoo.com,340569536583696
Susan,Reed,Hurstmouth,Utah,javierharris@bentley.com,4160675899325927876
Sandra,Briggs,Pearsonport,Iowa,newtonroger@gmail.com,5404480292852436
Lauren,Ball,Port Abigailton,Utah,williamsjoyce@hotmail.com,30091997322220
Jacob,Brown,Michaelton,Wisconsin,davistamara@yahoo.com,342527530802387
Robert,Villanueva,New Mistytown,Texas,awalker@gordon.com,502060153363
Danny,Meyers,Gonzalezfurt,Maryland,christophersuarez@malone-james.org,675978414166
Jeffrey,Huber,Jennifermouth,Arizona,gomezpaige@cohen-wilson.com,639002794878
Joseph,Patterson,East Jacob,California,gibsonmackenzie@vaughn.net,630418883728
Hector,Valdez,New Joseburgh,Nevada,jonathansanders@torres.com,3523379932857121
Ryan,Mays,Port Cory,Delaware,frenchcynthia@hotmail.com,375363990899972
Steven,Murillo,West Monicachester,Wyoming,thomastaylor@hotmail.com,30466072610766
Alejandro,Miller,Ashleychester,Alaska,richard19@hotmail.com,346851120805816
John,David,East Tammybury,Maine,munozstephanie@dillon.com,4503163878654
Clifford,Mccoy,South Matthewfurt,Massachusetts,jamie03@hotmail.com,3510697515826873
Jennifer,Anderson,Melissamouth,New Hampshire,heather95@gmail.com,503828985690
Margaret,Grant,New Jamestown,New York,hdiaz@rodgers-adams.info,371118687740564
Barbara,Jennings,West Eugeneport,Colorado,gallegosjustin@gmail.com,3590349768592181
Misty,Gay,West Shelly,Ohio,ytaylor@gmail.com,5440460448536584
Melody,Edwards,Lake Candace,Massachusetts,francoleah@chapman.com,3523632468654209
Steven,Bryant,New Felicialand,Arizona,caseydonna@yahoo.com,676305198142
Caitlyn,Daniels,Scottburgh,Tennessee,richardoliver@hotmail.com,377781729749382
Kelly,Weber,East Curtis,Missouri,thomasruiz@knight.com,3522908741358854
William,Peterson,Port Jennifer,Oregon,caseyweber@kirby-brown.com,36163277106153
Elizabeth,Smith,South Denise,Minnesota,sydney32@collins-miller.biz,180084912543218
Jennifer,Peterson,Dixonfort,Virginia,estradaderek@white-tucker.com,4777719533684075162
Marcus,Hall,Gloriaburgh,Vermont,kimallen@hall.com,180088278037947
Jocelyn,Wright,Gonzalezberg,Arkansas,jeffery71@jones.com,501891117456
Brian,Thomas,North Kimport,Colorado,johnsonjessica@lopez.com,4853486079823
Douglas,Klein,Caldwellborough,Connecticut,kvasquez@hotmail.com,6011130867118613
Isaac,Torres,Wallaceville,West Virginia,debbie64@hotmail.com,3569995989426505
John,Jimenez,North Emilyborough,Florida,rogerrosario@gmail.com,6594140393915841
Carol,Gutierrez,Smithport,Hawaii,danielkatherine@hotmail.com,3541806556308617
Glen,Ruiz,South Lindsey,Connecticut,brandypalmer@yahoo.com,6011031704758795
James,Crawford,Petersonside,Maine,melissa67@olson.com,3571902001924901
Lawrence,Bell,Port Brianna,Massachusetts,csmith@hotmail.com,4620744172652
Scott,Armstrong,Alberthaven,Idaho,valdezmarissa@gmail.com,4385520068018377
Shannon,Sullivan,Mcconnellhaven,Virginia,rrobinson@perez-keller.org,3599823117444337
Debra,Cline,Kevinberg,Rhode Island,manningmatthew@griffin.net,38634941328546
Veronica,Christian,South Christopher,Wyoming,grahamjesse@gmail.com,4642320321644
Kari,Zhang,Buckfort,Maryland,brandonbaker@gmail.com,502045014995
Ashley,Thompson,Amyburgh,Oregon,howelisa@yahoo.com,3569597066302342
Adam,Wright,Nelsonport,Kentucky,johnstonethan@gmail.com,30296437566480
Jesus,Henry,Marquezchester,Maine,anthony59@gmail.com,372377882963061
Noah,Chavez,North David,Michigan,gblair@nelson.com,36284136350772
Robert,Gonzalez,West Linda,New York,nfritz@rodriguez-larson.info,4100282844960605438
Jamie,Johnston,South Austinborough,Nevada,hshelton@davis.com,5523648405347447
Alejandro,Davies,North Kevinville,Nevada,angela58@bell.com,4433617563396050
Brittany,Brown,Karenburgh,Florida,karenjones@johnson.com,4388039099473
Melissa,Olson,New Rickey,Alaska,andrea83@hotmail.com,3505643952391929
Douglas,Williamson,Sarahstad,Utah,zmartinez@hotmail.com,4267431127202270
Robert,Shepherd,Port Brad,Arizona,brenda36@baker.biz,3548097617286629
Shannon,Johnson,Weberside,Pennsylvania,derekrodgers@hotmail.com,341610217863178
Paul,Marquez,Patriciafurt,South Dakota,arroyojessica@gmail.com,4277529469842690
Tony,Bennett,Turnerview,Wyoming,denise84@hotmail.com,213141318673683
Julie,Johnston,Davidland,Vermont,joshuaholt@gmail.com,6011230867091883
Amber,Harvey,West Suzannestad,Michigan,bryanjulie@davis.biz,5369104108781513
Brittany,Garcia,Edwardside,Maine,kimberly95@gmail.com,639012912338
Richard,Brown,East Tony,Rhode Island,xfranklin@lopez-thompson.com,4670027171290095
Jason,Levine,Jenniferhaven,Kentucky,tturner@dominguez.net,30045523390341
Scott,Goodman,South Bradfurt,New York,connie71@yahoo.com,30533335208686
Tina,Martinez,Port Melissa,Maine,nmahoney@figueroa.net,4288517786195099038
Glenda,Dixon,Paigemouth,Wyoming,shaun36@hamilton.com,4486291584956189
Russell,Salazar,West Elizabethmouth,Montana,tiffanygarrett@henderson-guerra.com,3558637335254230
Leslie,Oliver,Hamiltonshire,Tennessee,estradachristy@yahoo.com,213154175761889
Jeffrey,Frank,Mclaughlinview,Idaho,dmartin@gmail.com,213135486286948
Leah,Brown,Santoshaven,Mississippi,robert74@gmail.com,3566341738842655
Christina,Calderon,East Shawn,Idaho,heatherthompson@murray-fleming.com,676172115344
Anthony,Fields,Mercedesmouth,New Hampshire,jenna83@gmail.com,6505284512221810
Eric,Mays,Brianborough,Nevada,katherine61@yang-fowler.com,4329853181435155
Mark,Mcpherson,West Jeffreyville,Massachusetts,durhamoscar@smith-baldwin.biz,4966966922431719
Kathryn,Smith,New Megan,Nebraska,deleonjamie@yahoo.com,4707370842409
Michelle,Taylor,Popeville,North Dakota,fadams@yahoo.com,377465331572222
Colleen,Russell,Murphyland,Vermont,robertbeltran@hotmail.com,5138939482679431
Christopher,Martinez,New Shaun,North Dakota,barrettjoshua@gmail.com,4219703299384535696
Timothy,Hampton,Alexanderport,Wyoming,lisa37@hotmail.com,4772350227336473
Michelle,Webster,Jenkinsville,Utah,aaron65@decker-larson.com,4874090875414
Brandi,David,South Robertburgh,North Carolina,zhancock@jackson.com,6536051590686443
Jennifer,Mejia,Hornville,Oklahoma,dbishop@yahoo.com,3526910555075851
Kristen,Choi,Chadfurt,Rhode Island,rodriguezjessica@gmail.com,38138511378410
Jeremy,Miller,East Misty,Vermont,phillipsanthony@mitchell.com,3505147384207588
Robert,Hernandez,Port Mary,Minnesota,wjohnson@hotmail.com,6011466046106693
Kristi,Riggs,Lake Christopherstad,North Dakota,cgonzalez@gmail.com,3582356584475145
David,Kelly,Leslieside,Louisiana,bbryant@yahoo.com,340624944290325
Victoria,Tran,East Johnton,Iowa,tannerrogers@vasquez.com,180014535429487
Jeremy,Frazier,Lambertside,Alaska,james66@taylor.info,3516542037401256
Ann,Simmons,Gregoryborough,West Virginia,aashley@yahoo.com,676101658430
William,Diaz,South Darrenbury,Texas,bankstravis@decker.com,3598340329396107
Luis,Burnett,South Catherineview,South Carolina,robinsonveronica@burke.com,4322808846819166
Anthony,Fernandez,Lake Jason,Idaho,denise04@reynolds.com,3593229832603163
Curtis,Mason,North Randystad,Alabama,pettynatalie@reyes.info,6566976495855326
Catherine,Swanson,East Christopherfurt,Nebraska,derrick46@yahoo.com,371580532045467
Kristine,Cunningham,South Kevin,Pennsylvania,patricia31@hotmail.com,4370295613877448
Anna,Summers,East Jasonstad,Hawaii,steven94@gmail.com,4517280436188
Jack,Dunn,North Emily,North Carolina,patriciahess@armstrong-lucas.org,213150884224094
Lisa,Wood,South Robertfurt,South Dakota,fhickman@gmail.com,4096406915169
Stanley,Moore,South Evelynton,Georgia,margaretkirk@yahoo.com,565476960150
Jim,Bush,South Cameronstad,Iowa,adamsaaron@huber.biz,4972001516194192
Michael,Foley,Robertsborough,New Hampshire,vhenry@yahoo.com,502072099653
Nicholas,Smith,Karenshire,Montana,carriefrancis@hotmail.com,4196099766131047
Alicia,Garcia,Maryland,Missouri,robertsimpson@schwartz-reeves.com,4623343387855649
Mary,Rodriguez,Pamelaburgh,Alaska,ortizjay@kirk.net,344736215339577
Cheryl,Juarez,East Brandi,Pennsylvania,langjoe@hotmail.com,342062705313242
Michael,Webb,South Abigailland,Illinois,nicholsoncathy@adams-taylor.net,3521055917854166
Kathleen,Coleman,Leonside,Arizona,rita26@gmail.com,3591827942343968
Jesse,Taylor,East Thomasstad,South Carolina,medwards@gmail.com,3510826020189846
Carol,Morales,Josetown,Wyoming,ann10@taylor.org,564113733583
Joseph,Robertson,Jonathanland,Kansas,michael13@hotmail.com,4047716132904
Gregory,Cannon,Ashleyborough,Mississippi,amy56@gmail.com,180065681602855
Barbara,Schneider,North Katieshire,Delaware,john87@brown-diaz.com,4886328415011
Phillip,Parks,New Donaldbury,Wisconsin,brookeking@williams.com,4188665079868
Zachary,Pittman,South Bryan,Oklahoma,rschwartz@hotmail.com,4777594757466979
John,Davis,Robertostad,Montana,jacquelinecasey@wilkins.org,30556405919817
Dawn,Jones,West Karaburgh,Mississippi,rhonda63@gmail.com,30342712995539
Kimberly,Lewis,Browningmouth,Washington,rhernandez@gmail.com,345830491064410
Rebecca,Powell,Cynthiaborough,California,justinwatkins@yahoo.com,4387175800845607182
Holly,Miller,East Kristymouth,Connecticut,karen29@kelly.com,30477578000139
Stephanie,Williams,Danielton,South Dakota,rachelwaller@hotmail.com,4785238384584511
Michael,Jones,Candiceton,Idaho,gary72@gallagher-roach.com,4989584810972
Daniel,Bentley,South Patricia,West Virginia,angelariley@graham.biz,4682704538961537270
Christine,Coleman,South Diana,New Hampshire,owensseth@gmail.com,4050906950923085
Cynthia,Walker,East Brenda,Maine,frivera@ruiz.info,30415703250351
Adam,Simmons,Lake Brandon,Nebraska,adamsdavid@gmail.com,6546669151418225
Anna,Combs,Hernandezshire,Louisiana,zwilliams@gmail.com,372692323610612
Theresa,Ward,Lake Richard,Wyoming,aguilarjustin@hotmail.com,5579052976718073
Joshua,Dalton,Nicholaschester,Alabama,abrown@miles.com,4059048600749403
Gregg,Ochoa,Cabrerabury,Idaho,audreymatthews@hotmail.com,5573253703318502
Richard,Kline,Fordfurt,California,rallen@hotmail.com,3588581142163016
Matthew,Cox,South Jenniferville,South Dakota,victor82@gray.com,377520813024371
Richard,Underwood,Vegafort,Kansas,rachaelcarpenter@mitchell.com,5455928103241650
Charles,Smith,Wagnermouth,Kentucky,hensonbenjamin@yahoo.com,6011061428446716
Kristy,Harris,Leonardborough,Wyoming,josewilliams@hotmail.com,4256419782392480358
Jonathan,Estrada,South Andrea,Iowa,melissachen@hotmail.com,6011215009582162
Jerry,Hensley,Nancyton,North Carolina,lilauren@hodges-morales.com,4951904667244143
Eugene,Moore,New Anthony,New York,robert17@hotmail.com,4937336406410777
Scott,Love,South Larrybury,Utah,amybyrd@lane.com,4337882434634
Jeremy,Williams,South Michael,Maine,hartjennifer@gmail.com,3592335445328865
Antonio,Cross,Perezmouth,South Carolina,david41@yahoo.com,30506732880281
Scott,Hudson,East Emily,Alaska,leonardelizabeth@hotmail.com,4670520218448528
Stephen,Steele,Heatherfort,Massachusetts,annhopkins@hotmail.com,6011997704220962
Kim,Stevenson,Port Jodihaven,Idaho,hawkinselizabeth@brown.com,4982297432127807578
Jimmy,Craig,New Joebury,Kansas,stephanie41@martin-king.biz,6551058718586389
Sarah,Bradshaw,Matthewtown,Maryland,tbird@nichols.com,501873686932
Lori,Thompson,Port Morgan,Florida,angiethompson@gmail.com,180033559706711
Erin,Schneider,Cartermouth,New Mexico,kjohnson@hotmail.com,676300898001
Amanda,Torres,Port Candaceport,Rhode Island,keith82@yahoo.com,5143971239074833
Adam,Perry,South Sharonton,Minnesota,ngonzalez@barr.net,4047026062535267
Scott,Underwood,Lake Emmamouth,California,marshalllaura@hotmail.com,4570421123421
David,Taylor,West Mary,Oklahoma,hubbardnina@payne.org,6011148955194445
Lori,Mueller,West Brett,Tennessee,rodney52@hotmail.com,4629039961074617093
Megan,Wright,East Jill,Alaska,charleswagner@kelley-martinez.biz,4029441704391536
Jerry,Black,North Nicole,Florida,kristenbrowning@white.com,4458435553604080
Peter,Ibarra,Port Evan,South Carolina,jessicagonzales@patel-mcdaniel.info,581356359819
Alison,Stewart,Smithfurt,Wisconsin,oreyes@gmail.com,4972356612288653460
Kyle,Pacheco,Lake Thomasfurt,Hawaii,hmejia@butler.com,3577486806561914
David,Johnson,Murphymouth,South Carolina,barbaracarroll@thompson.com,4647109472740257
Andrew,Rodriguez,New Kristiestad,Michigan,joshua06@gmail.com,4866887865181569
Steven,Barnes,East Kimberly,Iowa,nicolemorse@ross-humphrey.net,36422215703814
Michael,Simmons,South Michaelhaven,Vermont,avargas@potts.com,213178411491365
Amy,English,Port Melissa,Missouri,baldwinlori@gmail.com,30370486555577
Grant,Page,Port Stephentown,Montana,mullenlawrence@yahoo.com,6011745393691237
Kenneth,Miller,Port Jeffreytown,Wisconsin,bryanvalencia@hotmail.com,4511061696556931445
Adam,Parker,Atkinsfort,North Dakota,lsingleton@price-huber.com,3542654886158453
Steven,Wiley,Dianehaven,South Carolina,rodriguezerica@howard-dominguez.com,4272677990578165370
Felicia,Mcgee,Bradleyport,Missouri,sophiafarley@yahoo.com,4648069089130913
Adam,Rodriguez,North Davidborough,Florida,asmith@yahoo.com,4189567088807162
Jennifer,Hensley,Port Daniel,Iowa,bestes@gmail.com,30390861910734
Jeffrey,Steele,East Sarahville,West Virginia,joseph51@smith.com,4498299969492577
Mary,Phillips,Mckaymouth,Connecticut,traviscalderon@gmail.com,4833017958452756
Matthew,Steele,South Hollyport,North Dakota,abigailstanley@garcia.com,4698720363379523697
Nathaniel,Jones,Marystad,New York,darryl48@hotmail.com,180004176737215
Emily,Gonzalez,West Monica,Minnesota,kirbysamantha@klein.com,378706793136041
Sandra,Grant,South Timothy,Kentucky,uroberts@barber.com,6011766386489736
Christopher,Curtis,New Michaelton,Arkansas,pfrye@cooper-campbell.biz,6522657339506175
Brenda,Salazar,Janetfort,California,ryan36@hotmail.com,630402078756
Sherri,Lowery,Parksbury,Georgia,martinezashley@lamb.org,6544482101714574
Amanda,Figueroa,Loveville,Michigan,nbarber@yahoo.com,2228336335448189
Sheena,Lambert,Paulton,South Dakota,anna75@castillo.info,630430126585
Thomas,Hughes,New Robin,New Hampshire,brenda75@gonzalez.net,213132001500994
Shane,Rodriguez,Jonesport,Kentucky,hawkinsmelissa@hayes-smith.info,6011840467104645
Tammy,Valencia,Andreafort,Virginia,robertalvarado@hunt-henderson.com,3508033158468001
Alexander,Jackson,East Dennis,New Mexico,burnettmichael@green.com,4149151043330377
Trevor,Mendoza,Kimberlystad,Louisiana,hhoward@hotmail.com,30141558323065
Stephen,Harmon,South Dennis,Michigan,chelseawalsh@barnett-garner.com,3567648151305799
Nicole,Tucker,Johnsonhaven,Iowa,lowestephanie@howell-anderson.org,4843011379202
Craig,Galvan,Clarkview,Vermont,deborahmeyer@yahoo.com,30461807344930
Nathan,Houston,Palmerview,Indiana,heatherramirez@brown-hardy.com,6011737039979316
William,Kelly,Port Mary,Alaska,tmedina@gmail.com,4886040430476661573
Jennifer,Williams,South Brandonshire,Minnesota,adamskimberly@gmail.com,4532448008806093
George,Thomas,Gonzalesville,Hawaii,brookssteven@gmail.com,4625619012176131
Shannon,Payne,West Danielstad,Kentucky,loribrown@taylor.com,213174525486904
Daniel,Baker,Englishtown,New York,ymclaughlin@gmail.com,501832957465
Diane,Nelson,Gravesstad,Minnesota,laura27@hotmail.com,377185360137081
William,Franklin,Edwardport,Kentucky,pattersonrobert@landry.biz,4836607522086374
Anita,Watson,Zacharymouth,Pennsylvania,jacqueline16@lucero.com,180050174724804
Sergio,Brooks,Careyhaven,Alabama,maxwellpatricia@combs.info,4372831310007
Susan,Hoffman,South Stevenfurt,Massachusetts,dorisrodriguez@gmail.com,503820369968
Joshua,Douglas,West Ericmouth,North Dakota,johnsontanya@yahoo.com,4177057131323577
Rachel,Glover,New Jamesmouth,Connecticut,steven97@ferguson-richard.com,3595923982600551
Angela,Mays,North David,North Carolina,lambertlouis@yahoo.com,180017039628900
James,Gallagher,South Michaelside,Maryland,mckinneyscott@gmail.com,5167498102947359
Linda,Williams,Cynthiaton,Illinois,ericcisneros@gmail.com,4782994335445
Randall,Watson,East Cindy,Rhode Island,ericfowler@chen.biz,5128293140395499
Nicholas,Leonard,Stephenburgh,Alabama,dawn12@hotmail.com,4337329820847530
Amanda,Walter,Royside,Minnesota,vsmith@gmail.com,676176822887
Allison,Wright,New Brianchester,Georgia,melissa76@ward.com,3574394344947038
Lorraine,Matthews,West Katrina,South Dakota,qdiaz@yahoo.com,3583455617463760
David,Deleon,Cochranton,Nebraska,tara57@shannon.info,4914747579736052
Gabrielle,Maddox,Lake Jonathanhaven,Pennsylvania,jonathanneal@martinez.com,4663640795084808
Kayla,Gross,West Brookeside,Virginia,whiteallison@hotmail.com,3579600461686414
Sheri,Richardson,New Travis,Iowa,porterkayla@hurley.biz,6586088507158453
Valerie,Williams,Michaelport,Nevada,ginalang@yahoo.com,6530785430349359
Joseph,Brady,Marieburgh,New Hampshire,michael54@clark.com,4523222012852290372
Tonya,Manning,New Brian,Connecticut,patrick37@gmail.com,5565199629044542
Rhonda,Young,Rosshaven,Oregon,angela06@smith-lopez.com,4144350380665
Mary,Bennett,Lake Jenniferberg,Texas,jenniferharvey@tyler-savage.net,180053646511817
Albert,Barnett,North Zoefort,New Jersey,bwilliams@miller.com,4824591067624650845
Dawn,Stewart,Port Cassandraville,Nevada,iquinn@gmail.com,30344737620597
Lauren,Jones,West Anthony,Maryland,qsmith@sims.org,4404309812576
Elizabeth,Dougherty,Lake Cory,Nebraska,kristi49@carson.com,4779276027633
David,Smith,Port Scottchester,Delaware,brittanyshepherd@garcia.com,3599178188743319
Melissa,Anderson,Houstonview,Georgia,deckerricky@davis.net,30264698332489
Jocelyn,Smith,Bowmanborough,Pennsylvania,wwilliams@davis.info,3542540488458013
Eric,Webb,Jasminehaven,Texas,lisa04@smith-carpenter.biz,4963184845907503644
Jacob,Garcia,Hinesberg,South Dakota,bankstara@yahoo.com,4559946118857441
Cameron,Sweeney,Lake Jane,Tennessee,qfigueroa@gmail.com,213109474885557
Jason,Ayers,Cohenberg,California,dnorris@short.biz,30323794377184
Kimberly,Brown,Port Lindsay,New Jersey,leebrittany@yahoo.com,4742597769204140
Jonathan,Knight,West Nicholasview,Utah,caitlinmorales@yahoo.com,4923879449617458
Scott,Hobbs,South Catherineview,South Carolina,hmiller@wallace.biz,639069760077
Linda,Hanson,South Elizabethchester,Nebraska,stoneeric@young-wood.com,4394861330222468524
Sierra,Stephens,New Paul,Alaska,gvega@flynn.biz,502006006873
Christopher,Hall,West Ryanmouth,Kansas,cheyenne94@gmail.com,213130328913775
George,Salinas,Port Carol,North Dakota,cbullock@yahoo.com,4533591374605526706
Barbara,Hale,Bartonton,Ohio,jhoward@hotmail.com,4894684187894226067
Daniel,Robbins,East Nichole,Oklahoma,mezajose@yahoo.com,36409792789167
Phyllis,Roman,Markbury,Wyoming,james12@campbell.net,501843930212
Amber,Garrett,Justinmouth,Oregon,robertcarter@yahoo.com,30480541860894
Renee,Cortez,Duartefort,Massachusetts,matthewskelly@hotmail.com,180066930814929
Jeffery,Stewart,Shelbyburgh,Washington,gordondavid@gmail.com,6011287827554665
Alexander,Rose,Nicholasfurt,Nevada,kstevenson@bryant-miller.com,3503238476735289
Bianca,Smith,Hartmanville,Colorado,lwalker@gmail.com,502086898587
Christopher,King,Websterburgh,New Jersey,hallandrew@gmail.com,4663146921031473
Cole,Smith,Lambertborough,North Dakota,thomasthomas@hotmail.com,4882516334088014912
Christopher,Burton,Carrieborough,Michigan,owendavid@watkins.com,3565341579332197
Judy,Davis,Port Joel,Connecticut,zevans@hicks-tyler.org,5473928411162778
Gary,Krueger,New Johnnyport,California,gregorysmith@hotmail.com,4366178270040765873
Alison,Martin,Lake Jessica,Iowa,bob07@yahoo.com,4394787772741
John,Massey,New Meganton,Rhode Island,steven18@garcia-king.com,2225937277216303
Lawrence,Hill,South Kevinstad,Illinois,sanchezrobin@powell-mitchell.net,4805691730968463
Randy,Zimmerman,South Lori,North Carolina,bairdsusan@hernandez.com,6562994916594790
Lee,Kennedy,Coxton,Florida,deleonjennifer@hotmail.com,4992952365832967
Chelsea,Ferguson,East George,Oregon,steven21@hotmail.com,3523310082832812
John,Smith,Reedside,Kentucky,corycherry@smith-brown.com,4848204632555062
Samantha,Mckenzie,Grahamtown,Nebraska,barbara98@herrera-maxwell.com,6531313700009832
James,Jenkins,West Donnaborough,Alaska,vwoods@gmail.com,4981615744374245279
Rebecca,Delgado,New Juan,North Dakota,margaretsmith@hotmail.com,180088158094133
Joseph,Singh,Lake Michaelmouth,North Dakota,perryrobert@webb.com,4509211651001647
James,Mccarthy,New Jeffrey,Tennessee,wesley58@walters.com,5103569878299006
Matthew,Armstrong,North Michaelshire,New Jersey,mmiller@yahoo.com,5461458111351632
Dana,Smith,North Tiffanyport,California,buchananmichael@paul.org,3577265235703051
Dennis,Stephenson,North Melinda,Arizona,barnettwalter@gray.org,4297161533953423848
Thomas,King,Kempmouth,Georgia,terri70@gmail.com,3514775169376597
Sarah,Brown,Deanhaven,Alaska,juliebarnett@hansen.com,4594839621708093
Madison,Dyer,Elizabethbury,Kansas,gonzalesbrian@gmail.com,4627541199571116
Andrew,Dalton,Smithland,Virginia,myersderek@gonzalez.com,503880482552
Dylan,Alvarado,Bradytown,Kansas,douglas57@thomas.com,5104427961736260
Joshua,Anderson,West Jessica,Hawaii,angela98@ward-hall.com,4361062536301414
Michael,Torres,East Theresa,Idaho,scottquinn@gmail.com,3538689243861411
Gregory,Gates,East Joshua,Ohio,sarah54@yahoo.com,639084775498
Sherry,Little,Kennethland,Texas,gphillips@gmail.com,3565262191096772
Kyle,Baxter,West Cherylbury,South Dakota,sschmidt@gay.biz,6011932899998577
Jennifer,Campbell,Pearsonmouth,Oklahoma,jross@yahoo.com,5475891067307469
David,Mcgee,Johnhaven,Minnesota,rhodesmichael@hotmail.com,30115812329704
Sarah,Glenn,Lake Anita,Maryland,hallchristina@gmail.com,4737408832684
Jessica,Alexander,West Jenniferberg,Tennessee,scottdixon@harmon.com,213180084150401
Gregory,Brown,Bethside,California,smithrebecca@powell.net,583965484384
Ashley,Pruitt,Evanshaven,Tennessee,michaelpeterson@jones.com,213193632177800
Joseph,Brown,North Douglas,New Mexico,diane10@yahoo.com,4306248596917516
Courtney,Aguilar,Lopezstad,Delaware,gbailey@gmail.com,3532401397057564
Mark,Barry,Curryville,Nevada,kathleengay@singh-martinez.com,372815028096767
Julie,Hill,Johnsonstad,Idaho,ndavis@gmail.com,4954034553027217
Steven,Young,Martinezstad,Minnesota,chicks@hotmail.com,676181150571
Stephen,Reynolds,Johnsonburgh,Minnesota,hstephens@thompson.org,586395723180
Glenn,Parker,Holmestown,Alaska,xsoto@gmail.com,4346172430653685
Daniel,Ryan,Lake Lisa,New York,jenniferadams@buchanan-lee.org,3508336831108500
John,Salinas,Owensview,Hawaii,laurawallace@gmail.com,4925734309446282
Julie,Winters,East Christopherburgh,Nebraska,juliahall@hotmail.com,213133409606524
Danny,Torres,Caitlinhaven,Nevada,aaronyoung@fleming.biz,3562384371736234
Linda,Turner,West Nicholas,North Carolina,roberto81@yahoo.com,180071911008871
William,Daugherty,North Kevin,Nebraska,jstevens@hotmail.com,343913446210882
Shawna,Baker,New Bradleyhaven,New Mexico,elizabeth41@walls-fisher.com,6592279756632643
Joyce,Hill,Amberfurt,New Jersey,kingstacey@hotmail.com,4963847228676848
Brandon,Davies,East Kristopherland,Mississippi,cartersharon@hotmail.com,4549796305269824
Michael,Mcgee,Lake Brandon,Alabama,badams@powers.com,30393938508960
Teresa,Bowman,Lake Jeffreymouth,New Mexico,bellcheyenne@gmail.com,4263139304961808
Eugene,Jones,West Isaacville,Mississippi,wward@yahoo.com,180003991314861
Robert,Hebert,Danielstad,Wyoming,justinacosta@gmail.com,4059840243580288134
Christian,Villanueva,Port Lisatown,Idaho,dvalenzuela@taylor.com,5132114760018027
James,King,Jasminebury,New Mexico,alfredramirez@bradley.com,30093340950244
John,Allen,Lake Joshuafort,Louisiana,pottschristopher@garcia.com,36071996659016
Katherine,Serrano,East Lauramouth,Kentucky,ronaldsmith@perez-perry.com,6011341858194709
Peter,Phillips,East Heather,Massachusetts,geraldwilkins@hotmail.com,3580609807985072
Debra,Watson,New Caitlinmouth,Texas,barbara33@hotmail.com,4011935442294924995
Lawrence,Diaz,South Diana,Kentucky,dayjenna@hotmail.com,36625873470571
Jennifer,Robertson,Batesside,Montana,millerwesley@nelson.org,4323202415386908899
Michael,Lambert,Hernandezfurt,Alaska,uhamilton@turner.info,4808246223905212
Pamela,Glover,Richardfort,Mississippi,melvin31@wiley.com,3550517438286545
Robert,Bowen,South Sarahmouth,Arizona,agraham@yahoo.com,3527755709085739
Cynthia,Oneill,Samanthaview,Nebraska,qrobinson@gmail.com,3522460985244366
Samuel,Juarez,New Jeremybury,Maryland,uwilliams@cooper.biz,6011403702043209
Cheryl,Moyer,West Isaiah,Michigan,qmcbride@hobbs-thompson.com,3542468630384855
Deborah,Barrett,New Brianport,South Carolina,amanda60@hotmail.com,36413996524545
Timothy,Martinez,Calvinton,Idaho,christine43@gmail.com,30290024244825
Gregory,Steele,East Amber,Maine,stephanie17@le.net,4692834176452180
Michael,Murphy,Ryanland,Missouri,candace92@ford.info,4085195975645589
Paul,Gonzales,Adrianborough,Utah,deborah28@luna.biz,5209741380963741
Kathleen,Black,West Stephanieberg,Pennsylvania,matthew82@jones.com,4099572644679682
Tara,Patterson,Charlesfurt,Colorado,bakerbrooke@parker.com,3534943419181128
James,Garcia,East Manuelside,Texas,thernandez@yahoo.com,4459223209865502456
Margaret,Freeman,Thomasmouth,New Hampshire,susanbaker@gmail.com,3517978821894208
Melissa,Ibarra,Pamelachester,Idaho,joneschristopher@gmail.com,180076751059751
John,Quinn,Smithville,North Carolina,cynthiacastro@yahoo.com,4369505920608
Ashley,Hanna,Diazburgh,Mississippi,jeremywhite@yahoo.com,6518966899642908
Gail,Arnold,South Frank,New York,atkinsvictoria@hotmail.com,341088363781934
Joshua,Rice,New Lance,Oregon,sean72@hotmail.com,30119024372312
Christina,Johnson,West Jacob,Arizona,qwatkins@fox.info,180012677575513
Christopher,Clark,Cruzfort,Maine,john90@hartman.net,213158482268686
Claire,Martin,New Teresa,New Mexico,davidday@johnson.com,30084477653941
Shannon,Moore,West Frank,New Jersey,wendy58@gmail.com,676304645242
Breanna,Bolton,Brownhaven,Texas,nmccarthy@stewart.com,5322457024221451
Justin,Williams,Robertoton,Alaska,kmitchell@brown-murphy.net,562361173635
Cynthia,Hoffman,East Sherrytown,West Virginia,jburns@smith.com,4316071781951902
David,Rivera,Port Amandahaven,Alabama,sdoyle@stanley-medina.com,4211386597881937
Emma,Macdonald,Nguyenfort,Pennsylvania,mmiller@yahoo.com,376130830795390
David,Dennis,Port Carrie,New Mexico,combskimberly@sexton.com,3566042019225624
Stacey,Nelson,Ritafurt,Florida,josephmonique@hotmail.com,4976595409750921281
Justin,Mooney,Johnsonville,Alabama,allenvega@gmail.com,180054532909354
Julie,Vazquez,Lake Kevin,South Carolina,martindorothy@bennett-crawford.com,4239448839456
Elizabeth,Rivera,Port James,Nebraska,parkerjessica@hotmail.com,5455924905056743
Robert,Peterson,New Timothy,Arizona,dawnwalters@mcdowell.com,5217205735545769
Jeffrey,Chavez,Smithburgh,Montana,bmunoz@gmail.com,4438564790500220944
Brandi,Smith,Matthewsfort,New York,chaseritter@pope.biz,180052328194504
Jennifer,Garcia,New Jessicastad,Texas,melissaschmitt@richardson-savage.com,4951986923262373
Megan,Anderson,New Justinbury,Washington,sean58@yahoo.com,3502818135835512
Cassandra,Nguyen,West Larryville,Nevada,pamela02@costa.com,4879357115070298
Jessica,Mitchell,Michaelside,Maine,tpalmer@yahoo.com,4305210633425
Kaitlin,Kelly,Lake Kevinton,New Mexico,tiffany78@hotmail.com,30204471451809
Stephen,Smith,Lake Carrie,Colorado,kathleenmccoy@gmail.com,639031877215
Sergio,Olson,South Matthewberg,Mississippi,morganlori@reyes.info,3599244611801296
Lindsay,Griffin,North Ryanfort,Hawaii,xdunn@roberts.info,3549575734419933
Heather,Davis,North Brittany,South Carolina,teresa94@gmail.com,639076280705
Stacy,Weber,Wendyland,Indiana,ghobbs@nash.com,4680286270280
Marcus,Carpenter,Port Coreyhaven,California,matthew87@hotmail.com,213101537576919
Michelle,Wallace,South Daniellefort,Utah,bowenscott@lee.com,38197552016040
Sean,Howard,Adamstad,Utah,rbrown@hotmail.com,371209174583268
Alexander,Knapp,Anafurt,Georgia,leeedward@rivera.com,502094396228
David,Benitez,Jonburgh,Indiana,ecollins@johnson.com,3523105364673656
Robert,Day,Averyshire,New Hampshire,oliviawilliams@hotmail.com,4429570330358174
Richard,Williams,Hayleychester,Maryland,lthompson@yahoo.com,36957960895208
Nathan,Bryan,New Rebecca,Wyoming,jessicabush@jensen-lane.biz,3579890891071978
Tammy,Warren,Port Michelestad,Virginia,michael46@patterson.com,4297658552850793
Monica,Bennett,Louismouth,North Carolina,barberlisa@yahoo.com,6543612445097119
Deborah,Thomas,Boltonville,North Dakota,warddiana@benitez.com,3557952761799934
Dawn,Chandler,Glasshaven,Nevada,thomaswest@gmail.com,4218414824404746
Melanie,Paul,Jessicashire,Mississippi,martinzachary@blair.com,3544560079235768
Megan,English,Port Daniel,New Jersey,bwilliams@gmail.com,503865173408
Michael,Johnson,Lisaview,Kentucky,michaelgraves@perez-burton.com,6011524356181936
Travis,Johnson,North Erin,Washington,graycynthia@martin.com,4490622308486240
Brian,Santiago,South Kimberly,Colorado,fostertommy@chan.biz,3598304662971231
Susan,Wolfe,Michaeltown,Missouri,mbautista@wheeler.com,502022050061
Sheila,Mills,Brittanyshire,North Dakota,daniel29@parrish.com,6011748264867092
Andre,Hanson,New Adammouth,South Carolina,jennifer20@hotmail.com,180032139574664
Richard,Johnson,Jenniferhaven,West Virginia,desiree75@stafford.com,370303982426421
Courtney,Thomas,Palmerfurt,South Dakota,romanjohn@gmail.com,502096264168
Scott,Willis,Tinamouth,Maryland,eric31@hotmail.com,347573500845944
Mark,Rocha,Danahaven,Rhode Island,lunacandice@vargas.com,4569225810924250898
Tricia,Owens,Port Sarahshire,Delaware,tammy97@solomon.net,6011178843526920
Elizabeth,Hoffman,Jensenstad,West Virginia,dhardy@hotmail.com,6011364654607138
Lisa,Pittman,East Dwayneside,Montana,gordonlarry@gmail.com,4229014078762372
James,Hanson,Chapmanstad,Arizona,dianeporter@hotmail.com,5170936077524989
Mark,Smith,West Judy,South Carolina,yallen@garcia-murphy.com,4049453423710
Raymond,Cooper,Jonathanbury,Hawaii,andersonjessica@gmail.com,060482159823
Lisa,Russell,Gallowaystad,Texas,garciasteven@myers.com,180007994549514
Adriana,Hernandez,Aliciatown,North Dakota,robersonsamantha@hotmail.com,36053617750986
Jennifer,Meyer,Port Jacob,Missouri,jacob39@ali.com,6577880799585570
Jody,Aguilar,West Carolyn,Vermont,watsonpatricia@hotmail.com,4939441956464130348
Lisa,Newman,Elliston,Michigan,patriciaroy@yahoo.com,180077856322714
Geoffrey,Garcia,West Hannah,Alabama,andradeerik@hunter.com,4171027159891
Mary,Stout,Port Norman,New York,cody32@yahoo.com,6011072176559873
Amber,Mckenzie,Scottstad,North Dakota,elizabeth91@cervantes.com,639075258264
Dean,Stevenson,Perezmouth,Kansas,williamsandre@yahoo.com,4964982893440029
Susan,Flynn,Holtchester,Maryland,jeffrey08@butler-wright.com,6588802413056082
Heather,Black,Caseyfurt,Tennessee,janiceadams@smith.com,6011428878036786
Sarah,Bradley,Biancaview,Alaska,nicholashowell@yahoo.com,3522922828580991
David,Mills,North Darrell,Montana,mnguyen@blair.info,3526921002162911
Scott,Williams,North Diana,Connecticut,potterjulia@gmail.com,213113206870614
Amanda,Watkins,North Brandonbury,Alaska,douglasbutler@washington.com,4527827171818
Tony,Morris,New Jessemouth,Ohio,william68@yahoo.com,30524772610658
Kenneth,Wright,Smithfort,Maine,johnbrown@gmail.com,3587379639055584
Christopher,Myers,North Joanneburgh,Rhode Island,qbowman@vargas-vasquez.com,5259123197341891
Jennifer,Grant,Lindseyburgh,Delaware,eric08@hotmail.com,3572891191534514
Amber,Jenkins,Ashleystad,Kansas,justinbailey@downs.biz,213141668384428
Christopher,Hicks,Port Jason,North Dakota,shannon23@gmail.com,4383820076996
Scott,Scott,South Michael,Ohio,chad22@monroe.com,30331550245768
Timothy,May,South Lisaberg,Oklahoma,katiecollins@hotmail.com,4472377062986
Stephanie,Harris,New Michaelshire,Connecticut,ohendricks@yahoo.com,4748900451626
Sandra,Jones,Cynthiaview,Arizona,harringtonstephanie@hernandez.org,371260214205214
Amy,Hicks,Cassidyland,Ohio,alyssa02@miller.biz,4128632507140327904
Caroline,Yoder,Kellyport,Vermont,ericsmith@brown.net,180001757008974
Stephanie,Rodriguez,Danamouth,Rhode Island,alyssa46@yahoo.com,38568118114836
Paul,Ball,Joyceport,Mississippi,elizabethsilva@hotmail.com,343576203600023
Eric,Lopez,Michellebury,Texas,jenniferpena@gardner.info,180089005130757
James,Ramirez,Suttonport,South Dakota,jessicarose@johnson.com,3532751399835106
Ricardo,Lang,Phillipsfort,California,robert58@hotmail.com,3509525774687327
Jo,Mitchell,Jessicatown,Wisconsin,kristy79@hotmail.com,4500310677498156160
Michelle,Wall,New Bryanside,Massachusetts,jrussell@woods.com,5484841989699583
Clifford,Figueroa,Jacquelineburgh,Oregon,palmerlindsey@yahoo.com,3580654127826895
Jesse,Anderson,Bryanburgh,Pennsylvania,tonicampbell@martin.com,4933168941877168
Robert,Rhodes,Lake Scott,Colorado,linkimberly@martinez.biz,6011773035361126
Timothy,Martinez,East Laurenhaven,Florida,wellsclaire@young.biz,4222021010543825
Kristin,Smith,Browntown,Michigan,swashington@hancock.info,3585237539268461
Kristen,Rodriguez,Johnsonburgh,Texas,rhamilton@hotmail.com,6525571729659436
Jennifer,Bowen,West Ronald,New Hampshire,mlopez@yahoo.com,36494820948217
Mary,Johnson,Philipshire,Mississippi,steven74@shaffer.com,4476396338149395
Paul,Larson,Wilsonberg,Alabama,wwest@gmail.com,4815441367143974
Frank,Wise,East Brianna,New York,gfinley@gmail.com,213163658060867
Matthew,Morris,New Jessica,Wyoming,williamthomas@vasquez-williams.biz,375775743548541
Julia,Brown,Hillburgh,New Mexico,davisnathan@rodriguez-spears.biz,343989203021019
Luis,Perez,New Melvinfurt,Iowa,agriffin@taylor-decker.com,3527861482418392
David,Franklin,Jeffreyshire,Washington,alexandria96@terry.com,4676532437400
Donald,Martin,West Jeffreyland,Nebraska,ievans@anderson-taylor.net,4493901639091433
Tammy,Smith,Kellymouth,Indiana,wongjacqueline@hotmail.com,4390527515861
Michael,Guerrero,New Michaelside,Oregon,nflores@gould.com,568277631376
Patricia,Rodriguez,New Roger,Arizona,wellsdebra@ramos.com,371425024916280
Rhonda,Graves,Carlsonport,Wyoming,jenningsadam@gmail.com,588331657332
Elizabeth,Quinn,Weaverborough,Michigan,alexa36@scott-jones.com,180034981854335
Matthew,Gilbert,East Josephfurt,Pennsylvania,stephaniejohnson@hotmail.com,349740124029027
Kenneth,Ward,East Robert,Nevada,gabrielcamacho@lawrence.com,6596597417094713
Michael,Martin,North Randy,Oregon,nicolewells@walker.com,060412742847
Victoria,Rodriguez,Port Richard,North Carolina,gharvey@campbell-hansen.com,377019504209698
Preston,Sanchez,North Scottfurt,Indiana,ramirezvicki@mckenzie.com,3546438842439090
Shawn,Adkins,Port Carriemouth,Kansas,christopher85@gmail.com,3543599925321068
Larry,Charles,East Jimmyberg,Wisconsin,davidsmith@hotmail.com,3553867349042538
Rachel,West,New Gregory,New Hampshire,mcdonaldteresa@gmail.com,4876391279246
Christopher,Keller,Tylermouth,Kansas,longstacey@villegas.com,4336564802668477
April,Smith,Lake Kelly,New Mexico,vincent49@hoffman-stewart.com,4396046358998
John,Morales,East Annafort,Mississippi,jonathan89@yahoo.com,4340861285848004
Christopher,Kent,Huberfurt,Florida,laurarichards@molina.biz,3582408829257638
Eric,Nelson,Ericksonchester,Connecticut,jason94@davis-glover.com,503847897835
Christopher,Miles,Port Nicole,Texas,psullivan@yahoo.com,4127458719949133
Denise,Davis,Victoriatown,Connecticut,roberta60@gmail.com,3588251432646597
Eric,Arellano,Reidville,Kentucky,schneiderbryce@lopez-gregory.info,4364779776945595
Stacey,Best,Erinstad,Maine,jeremysolomon@gmail.com,3593929304652511
William,Davis,Maxwellton,Minnesota,sharonford@yahoo.com,3581339716433985
Natalie,King,South Brian,North Carolina,david42@yahoo.com,3580133124332520
David,Graham,Davidville,Arkansas,reyesjanet@gmail.com,6570520173556030
Paul,Norris,Jonesville,Texas,ewright@barnes-kirby.biz,639021606483
Philip,Collins,New Thomasshire,Vermont,xbradley@gmail.com,6011921283590892
Anthony,Duarte,New Eric,Ohio,valenzuelatammy@richmond.com,4211434975560
Kathleen,Mason,Rodriguezburgh,Louisiana,perezadrienne@hotmail.com,4807343893963174
Patricia,Morris,Amberburgh,Arkansas,henrywhitehead@anderson.com,4111835869770039
Karen,Robinson,Port William,Tennessee,annettehowell@gmail.com,4786446664458376
Billy,Cabrera,Higginsburgh,Vermont,ylewis@yahoo.com,5259553603682571
Derrick,Williams,Bergmouth,Oklahoma,susan87@garza-garcia.com,213104448341126
Rachel,Choi,Kennethport,New Jersey,dicksonmiguel@hotmail.com,4056127268512611525
Stefanie,Gonzalez,Wrightmouth,Iowa,zachary64@yahoo.com,4231233448904490
Ronald,Miller,Danielstad,Massachusetts,hendersondawn@gmail.com,5327316672846115
Victoria,Williams,Lake Josephside,Utah,daniel97@hotmail.com,4078608984292283
Nathan,Martin,Briannaport,Oregon,peter71@hotmail.com,5289793457663665
Felicia,Hughes,Nathanton,Texas,edward48@kennedy-williams.org,4497579396387
Eugene,Waters,New Matthewberg,Michigan,aaronhardin@yahoo.com,4263753987367131
